Peptide	Protein	Intensity_guot_K150622_sw_sth_22_with_dscore_filtered.csv_0_0	RT_guot_K150622_sw_sth_22_with_dscore_filtered.csv_0_0	score_guot_K150622_sw_sth_22_with_dscore_filtered.csv_0_0	Intensity_guot_K150622_sw_sth_30_with_dscore_filtered.csv_0_1	RT_guot_K150622_sw_sth_30_with_dscore_filtered.csv_0_1	score_guot_K150622_sw_sth_30_with_dscore_filtered.csv_0_1	Intensity_guot_K150622_sw_sth_32_with_dscore_filtered.csv_0_2	RT_guot_K150622_sw_sth_32_with_dscore_filtered.csv_0_2	score_guot_K150622_sw_sth_32_with_dscore_filtered.csv_0_2	Intensity_guot_K150622_sw_sth_35_with_dscore_filtered.csv_0_3	RT_guot_K150622_sw_sth_35_with_dscore_filtered.csv_0_3	score_guot_K150622_sw_sth_35_with_dscore_filtered.csv_0_3	Intensity_guot_K150622_sw_sth_25_with_dscore_filtered.csv_0_4	RT_guot_K150622_sw_sth_25_with_dscore_filtered.csv_0_4	score_guot_K150622_sw_sth_25_with_dscore_filtered.csv_0_4	Intensity_guot_K150622_sw_sth_27_with_dscore_filtered.csv_0_5	RT_guot_K150622_sw_sth_27_with_dscore_filtered.csv_0_5	score_guot_K150622_sw_sth_27_with_dscore_filtered.csv_0_5	Intensity_guot_K150622_sw_sth_39_with_dscore_filtered.csv_0_6	RT_guot_K150622_sw_sth_39_with_dscore_filtered.csv_0_6	score_guot_K150622_sw_sth_39_with_dscore_filtered.csv_0_6	Intensity_guot_K150622_sw_sth_09_with_dscore_filtered.csv_0_7	RT_guot_K150622_sw_sth_09_with_dscore_filtered.csv_0_7	score_guot_K150622_sw_sth_09_with_dscore_filtered.csv_0_7	Intensity_guot_K150622_sw_sth_18_with_dscore_filtered.csv_0_8	RT_guot_K150622_sw_sth_18_with_dscore_filtered.csv_0_8	score_guot_K150622_sw_sth_18_with_dscore_filtered.csv_0_8	Intensity_guot_K150622_sw_sth_31_with_dscore_filtered.csv_0_9	RT_guot_K150622_sw_sth_31_with_dscore_filtered.csv_0_9	score_guot_K150622_sw_sth_31_with_dscore_filtered.csv_0_9	Intensity_guot_K150622_sw_sth_17_with_dscore_filtered.csv_0_10	RT_guot_K150622_sw_sth_17_with_dscore_filtered.csv_0_10	score_guot_K150622_sw_sth_17_with_dscore_filtered.csv_0_10	Intensity_guot_K150622_sw_sth_06_with_dscore_filtered.csv_0_11	RT_guot_K150622_sw_sth_06_with_dscore_filtered.csv_0_11	score_guot_K150622_sw_sth_06_with_dscore_filtered.csv_0_11	Intensity_guot_K150622_sw_sth_13_with_dscore_filtered.csv_0_12	RT_guot_K150622_sw_sth_13_with_dscore_filtered.csv_0_12	score_guot_K150622_sw_sth_13_with_dscore_filtered.csv_0_12	Intensity_huangl_L140616_sw_9_with_dscore_filtered.csv_0_13	RT_huangl_L140616_sw_9_with_dscore_filtered.csv_0_13	score_huangl_L140616_sw_9_with_dscore_filtered.csv_0_13	Intensity_guot_K150622_sw_sth_03_with_dscore_filtered.csv_0_14	RT_guot_K150622_sw_sth_03_with_dscore_filtered.csv_0_14	score_guot_K150622_sw_sth_03_with_dscore_filtered.csv_0_14	Intensity_guot_K150622_sw_sth_36_with_dscore_filtered.csv_0_15	RT_guot_K150622_sw_sth_36_with_dscore_filtered.csv_0_15	score_guot_K150622_sw_sth_36_with_dscore_filtered.csv_0_15	Intensity_guot_K150622_sw_sth_02_with_dscore_filtered.csv_0_16	RT_guot_K150622_sw_sth_02_with_dscore_filtered.csv_0_16	score_guot_K150622_sw_sth_02_with_dscore_filtered.csv_0_16	Intensity_huangl_L140616_sw_10_with_dscore_filtered.csv_0_17	RT_huangl_L140616_sw_10_with_dscore_filtered.csv_0_17	score_huangl_L140616_sw_10_with_dscore_filtered.csv_0_17	Intensity_guot_K150622_sw_sth_21_with_dscore_filtered.csv_0_18	RT_guot_K150622_sw_sth_21_with_dscore_filtered.csv_0_18	score_guot_K150622_sw_sth_21_with_dscore_filtered.csv_0_18	Intensity_guot_K150622_sw_sth_05_with_dscore_filtered.csv_0_19	RT_guot_K150622_sw_sth_05_with_dscore_filtered.csv_0_19	score_guot_K150622_sw_sth_05_with_dscore_filtered.csv_0_19	Intensity_guot_K150622_sw_sth_38_with_dscore_filtered.csv_0_20	RT_guot_K150622_sw_sth_38_with_dscore_filtered.csv_0_20	score_guot_K150622_sw_sth_38_with_dscore_filtered.csv_0_20	Intensity_huangl_L140616_sw_11_with_dscore_filtered.csv_0_21	RT_huangl_L140616_sw_11_with_dscore_filtered.csv_0_21	score_huangl_L140616_sw_11_with_dscore_filtered.csv_0_21	Intensity_guot_K150622_sw_sth_37_with_dscore_filtered.csv_0_22	RT_guot_K150622_sw_sth_37_with_dscore_filtered.csv_0_22	score_guot_K150622_sw_sth_37_with_dscore_filtered.csv_0_22	Intensity_huangl_L140616_sw_12_with_dscore_filtered.csv_0_23	RT_huangl_L140616_sw_12_with_dscore_filtered.csv_0_23	score_huangl_L140616_sw_12_with_dscore_filtered.csv_0_23	Intensity_guot_K150622_sw_sth_19_with_dscore_filtered.csv_0_24	RT_guot_K150622_sw_sth_19_with_dscore_filtered.csv_0_24	score_guot_K150622_sw_sth_19_with_dscore_filtered.csv_0_24	Intensity_guot_K150622_sw_sth_20_with_dscore_filtered.csv_0_25	RT_guot_K150622_sw_sth_20_with_dscore_filtered.csv_0_25	score_guot_K150622_sw_sth_20_with_dscore_filtered.csv_0_25	Intensity_guot_K150622_sw_sth_15_with_dscore_filtered.csv_0_26	RT_guot_K150622_sw_sth_15_with_dscore_filtered.csv_0_26	score_guot_K150622_sw_sth_15_with_dscore_filtered.csv_0_26	Intensity_huangl_L140616_sw_5_with_dscore_filtered.csv_0_27	RT_huangl_L140616_sw_5_with_dscore_filtered.csv_0_27	score_huangl_L140616_sw_5_with_dscore_filtered.csv_0_27	Intensity_huangl_L140616_sw_8_with_dscore_filtered.csv_0_28	RT_huangl_L140616_sw_8_with_dscore_filtered.csv_0_28	score_huangl_L140616_sw_8_with_dscore_filtered.csv_0_28	Intensity_huangl_L140616_sw_7_with_dscore_filtered.csv_0_29	RT_huangl_L140616_sw_7_with_dscore_filtered.csv_0_29	score_huangl_L140616_sw_7_with_dscore_filtered.csv_0_29	Intensity_guot_K150622_sw_sth_29_with_dscore_filtered.csv_0_30	RT_guot_K150622_sw_sth_29_with_dscore_filtered.csv_0_30	score_guot_K150622_sw_sth_29_with_dscore_filtered.csv_0_30	Intensity_guot_K150622_sw_sth_01_with_dscore_filtered.csv_0_31	RT_guot_K150622_sw_sth_01_with_dscore_filtered.csv_0_31	score_guot_K150622_sw_sth_01_with_dscore_filtered.csv_0_31	Intensity_guot_K150622_sw_sth_14_with_dscore_filtered.csv_0_32	RT_guot_K150622_sw_sth_14_with_dscore_filtered.csv_0_32	score_guot_K150622_sw_sth_14_with_dscore_filtered.csv_0_32	Intensity_guot_K150622_sw_sth_26_with_dscore_filtered.csv_0_33	RT_guot_K150622_sw_sth_26_with_dscore_filtered.csv_0_33	score_guot_K150622_sw_sth_26_with_dscore_filtered.csv_0_33	Intensity_guot_K150622_sw_sth_12_with_dscore_filtered.csv_0_34	RT_guot_K150622_sw_sth_12_with_dscore_filtered.csv_0_34	score_guot_K150622_sw_sth_12_with_dscore_filtered.csv_0_34	Intensity_guot_K150622_sw_sth_10_with_dscore_filtered.csv_0_35	RT_guot_K150622_sw_sth_10_with_dscore_filtered.csv_0_35	score_guot_K150622_sw_sth_10_with_dscore_filtered.csv_0_35	Intensity_guot_K150622_sw_sth_08_with_dscore_filtered.csv_0_36	RT_guot_K150622_sw_sth_08_with_dscore_filtered.csv_0_36	score_guot_K150622_sw_sth_08_with_dscore_filtered.csv_0_36	Intensity_huangl_L140616_sw_3_with_dscore_filtered.csv_0_37	RT_huangl_L140616_sw_3_with_dscore_filtered.csv_0_37	score_huangl_L140616_sw_3_with_dscore_filtered.csv_0_37	Intensity_guot_K150622_sw_sth_34_with_dscore_filtered.csv_0_38	RT_guot_K150622_sw_sth_34_with_dscore_filtered.csv_0_38	score_guot_K150622_sw_sth_34_with_dscore_filtered.csv_0_38	Intensity_guot_K150622_sw_sth_07_with_dscore_filtered.csv_0_39	RT_guot_K150622_sw_sth_07_with_dscore_filtered.csv_0_39	score_guot_K150622_sw_sth_07_with_dscore_filtered.csv_0_39	Intensity_guot_K150622_sw_sth_33_with_dscore_filtered.csv_0_40	RT_guot_K150622_sw_sth_33_with_dscore_filtered.csv_0_40	score_guot_K150622_sw_sth_33_with_dscore_filtered.csv_0_40	Intensity_guot_K150622_sw_sth_24_with_dscore_filtered.csv_0_41	RT_guot_K150622_sw_sth_24_with_dscore_filtered.csv_0_41	score_guot_K150622_sw_sth_24_with_dscore_filtered.csv_0_41	Intensity_guot_K150622_sw_sth_11_with_dscore_filtered.csv_0_42	RT_guot_K150622_sw_sth_11_with_dscore_filtered.csv_0_42	score_guot_K150622_sw_sth_11_with_dscore_filtered.csv_0_42	Intensity_huangl_L140616_sw_4_with_dscore_filtered.csv_0_43	RT_huangl_L140616_sw_4_with_dscore_filtered.csv_0_43	score_huangl_L140616_sw_4_with_dscore_filtered.csv_0_43	Intensity_guot_K150622_sw_sth_16_with_dscore_filtered.csv_0_44	RT_guot_K150622_sw_sth_16_with_dscore_filtered.csv_0_44	score_guot_K150622_sw_sth_16_with_dscore_filtered.csv_0_44	Intensity_guot_K150622_sw_sth_28_with_dscore_filtered.csv_0_45	RT_guot_K150622_sw_sth_28_with_dscore_filtered.csv_0_45	score_guot_K150622_sw_sth_28_with_dscore_filtered.csv_0_45	Intensity_guot_K150622_sw_sth_04_with_dscore_filtered.csv_0_46	RT_guot_K150622_sw_sth_04_with_dscore_filtered.csv_0_46	score_guot_K150622_sw_sth_04_with_dscore_filtered.csv_0_46	Intensity_guot_K150622_sw_sth_23_with_dscore_filtered.csv_0_47	RT_guot_K150622_sw_sth_23_with_dscore_filtered.csv_0_47	score_guot_K150622_sw_sth_23_with_dscore_filtered.csv_0_47	Intensity_guot_K150622_sw_sth_40_with_dscore_filtered.csv_0_48	RT_guot_K150622_sw_sth_40_with_dscore_filtered.csv_0_48	score_guot_K150622_sw_sth_40_with_dscore_filtered.csv_0_48	Intensity_huangl_L140616_sw_6_with_dscore_filtered.csv_0_49	RT_huangl_L140616_sw_6_with_dscore_filtered.csv_0_49	score_huangl_L140616_sw_6_with_dscore_filtered.csv_0_49	RT_mean	RT_std	pg_pvalue
10000004_AAAAAAALQAK(UniMod:259)_2_run0	1/sp|P36578|RL4_HUMAN	36683.0	1327.70746683	9.79572598624e-10	NA	NA	NA	62996.0	1212.3932685	4.42890549509e-11	13836.0	1375.26660869	1.10271436061e-09	7991.0	1467.84652665	1.66364538165e-09	4019.0	1499.16417514	5.82197167085e-07	NA	NA	NA	NA	NA	NA	NA	NA	NA	38890.0	1386.42495408	5.36803087589e-05	1925.0	1456.09455903	0.00233380052786	2202.0	1631.19377128	4.02291412391e-06	10832.0	1539.30419909	1.10762825057e-09	3734.0	1645.28119988	4.11144517394e-11	6967.0	1698.25861874	1.79371945019e-10	9652.0	1504.78871082	5.38491304587e-08	8828.0	1661.49030729	2.75778390446e-10	4304.0	1676.0315931	4.370118033e-10	29990.0	1318.60880459	0.000404273920492	5332.0	1633.2274099	3.61389963666e-08	4070.0	1550.03918703	0.0002751303778	3477.0	1653.05416401	6.36164222777e-06	3868.0	1545.71329581	0.000132015756003	4063.0	1663.7128225	1.06924758289e-09	5815.0	1425.07174145	0.00474206654072	964.0	1522.58388813	0.039789021865	5386.0	1540.91957817	5.85063874367e-10	4288.0	1611.88792454	8.76339961685e-11	4165.0	1647.76744059	2.30233943412e-09	3355.0	1629.01508907	1.13771079177e-07	NA	NA	NA	14445.0	1683.8626717	3.90179178692e-12	8320.0	1530.63873142	9.60479912283e-10	12865.0	1467.52794056	4.47050862159e-10	10977.0	1529.61308992	1.96467512354e-09	NA	NA	NA	NA	NA	NA	5025.0	1668.89108247	3.63849529763e-12	14431.0	1474.55802871	3.68742075741e-11	2419.0	1544.49805271	0.000599758864239	27353.0	1434.95571461	2.77674115178e-08	11060.0	1508.26672273	7.01198266984e-10	14606.0	1541.17701655	2.10806893445e-10	3898.0	1647.02616927	5.40588068485e-10	2117.0	1356.12260963	0.000149685124629	NA	NA	NA	5981.0	1643.68713198	6.01614772428e-10	23230.0	1460.10764126	4.27884926727e-08	NA	NA	NA	4034.0	1630.30665836	6.50919479049e-11	1535.22162358	115.699952531	0.0
10000004_ALDEGDIALLK_2_run0	1/gi|AQUA13_P35998_PSMC2	57004.0	4071.40831811	0.0	223456.0	4172.31009464	0.0	105136.0	4095.92198452	0.0	463832.0	4151.98168448	0.0	165352.0	4124.84069559	0.0	178783.0	4166.01639507	0.0	178016.0	4195.87493713	0.0	117615.0	4196.41468717	0.0	72244.0	4160.38976031	0.0	28010.0	4058.16269419	0.0	100136.0	4121.91873073	0.0	102614.0	4273.30491619	0.0	92775.0	4188.10693085	0.0	10239.0	4232.14861265	6.91589663193e-12	31291.0	4307.77562309	0.0	281180.0	4143.18394928	0.0	24315.0	4287.09773504	0.0	11439.0	4241.38838296	2.37389645324e-10	41301.0	4105.17640127	0.0	173856.0	4218.19565274	0.0	231461.0	4188.38581263	0.0	11781.0	4238.65546486	9.41777213837e-07	244804.0	4182.56613245	0.0	9373.0	4223.71099773	7.55468956227e-09	33863.0	4145.46076973	0.0	151334.0	4153.0302061	0.0	128909.0	4164.81713697	0.0	13399.0	4200.1374286	1.42687945545e-10	10811.0	4215.07912381	7.63744407942e-11	10390.0	4214.2746932	1.10120920952e-08	142289.0	4164.09287714	0.0	16502.0	4309.79618696	0.0	144788.0	4168.28775775	0.0	329968.0	4140.78172953	0.0	21256.0	4157.10678088	1.86604664754e-13	105352.0	4213.32703846	0.0	37727.0	4269.57196469	0.0	12398.0	4230.74800696	7.08395598769e-12	93611.0	4120.28544706	0.0	156426.0	4204.93361038	0.0	93541.0	4122.94441713	0.0	65625.0	4134.01763944	0.0	41503.0	4193.6643356	1.34019095145e-13	12893.0	4218.84633035	1.18729584792e-12	84240.0	4180.88742796	0.0	114197.0	4185.05787095	0.0	44230.0	4267.36469755	0.0	121448.0	4144.91521352	0.0	180718.0	4167.50915895	0.0	13381.0	4202.1285966	6.12608514995e-11	4184.6800608	55.610792627	0.0
10000006_AAAASAAEAGIATTGTEDSDDALLK(UniMod:259)_2_run0	1/sp|P55036|PSMD4_HUMAN	NA	NA	NA	NA	NA	NA	NA	NA	NA	2694.0	3791.28076977	0.0188299337814	NA	NA	NA	NA	NA	NA	NA	NA	NA	NA	NA	NA	NA	NA	NA	NA	NA	NA	NA	NA	NA	NA	NA	NA	NA	NA	NA	2525.0	3890.3099848	5.4190649531e-10	NA	NA	NA	NA	NA	NA	NA	NA	NA	2872.0	3905.21767735	8.53527357941e-10	NA	NA	NA	NA	NA	NA	520.0	3829.55524244	0.00886868689757	1822.0	3899.02916056	0.00324048056711	NA	NA	NA	1774.0	3882.92468368	2.10685390737e-08	NA	NA	NA	NA	NA	NA	NA	NA	NA	3184.0	3860.49219937	9.36405512196e-11	3389.0	3877.99509565	4.78050557416e-11	2571.0	3880.15160538	1.07172013219e-09	NA	NA	NA	NA	NA	NA	NA	NA	NA	1546.0	3777.82418531	0.00593710782641	NA	NA	NA	NA	NA	NA	NA	NA	NA	3451.0	3887.24216138	4.34167567823e-12	NA	NA	NA	NA	NA	NA	NA	NA	NA	NA	NA	NA	NA	NA	NA	2749.0	3881.86448295	4.31645400452e-09	NA	NA	NA	NA	NA	NA	NA	NA	NA	NA	NA	NA	NA	NA	NA	2798.0	3873.07040488	1.20059011767e-07	3864.38135796	38.5165877542	5.1321791034e-106
10000007_AAAASAAEAGIATTGTEDSDDALLK(UniMod:259)_3_run0	1/sp|P55036|PSMD4_HUMAN	NA	NA	NA	NA	NA	NA	6652.0	3787.81584681	0.00242258000972	NA	NA	NA	NA	NA	NA	NA	NA	NA	NA	NA	NA	NA	NA	NA	NA	NA	NA	NA	NA	NA	NA	NA	NA	NA	NA	NA	NA	NA	NA	28015.0	3889.52994982	1.61045791628e-13	NA	NA	NA	NA	NA	NA	NA	NA	NA	31833.0	3901.76105022	5.07411448478e-12	NA	NA	NA	NA	NA	NA	NA	NA	NA	20216.0	3897.24478275	1.00829098372e-07	NA	NA	NA	21208.0	3885.38605362	1.48924372767e-09	NA	NA	NA	NA	NA	NA	NA	NA	NA	34601.0	3861.33331521	2.75903728914e-14	42351.0	3878.88882331	0.0	23491.0	3881.80040852	1.27846942398e-08	NA	NA	NA	NA	NA	NA	NA	NA	NA	NA	NA	NA	NA	NA	NA	NA	NA	NA	NA	NA	NA	35129.0	3887.16465027	0.0	NA	NA	NA	NA	NA	NA	2100.0	3777.54147084	0.0274280081387	NA	NA	NA	NA	NA	NA	30990.0	3881.76284193	0.0	NA	NA	NA	NA	NA	NA	NA	NA	NA	NA	NA	NA	NA	NA	NA	28347.0	3870.9510024	1.85143721423e-13	3866.76501631	39.0231679277	4.52725614824e-145
10000011_AVAVVVDPIQSVK_2_run0	1/gi|AQUA8_O00487_PSMD14	178113.0	3921.2578223	0.0	790217.0	4055.1142568	0.0	124278.0	3920.75470123	4.39064809265e-13	1413500.0	4036.94781286	0.0	763180.0	4007.70726128	0.0	666632.0	4048.51951832	0.0	899473.0	4086.96063082	0.0	532299.0	4083.77520383	0.0	322828.0	4058.94658817	0.0	97245.0	3913.42938407	0.0	512086.0	4016.21040008	0.0	537491.0	4155.32500002	0.0	355843.0	4077.49055751	2.28648850908e-13	33460.0	4043.65435829	0.0	195074.0	4194.50025977	0.0	946376.0	4034.35993279	0.0	116405.0	4176.82211092	0.0	37730.0	4049.52195666	0.0	77555.0	3931.57649297	1.14412691707e-12	738741.0	4103.41896019	0.0	905858.0	4076.2052951	0.0	37521.0	4051.80037	2.22931128979e-13	911399.0	4075.89679823	0.0	30067.0	4036.42321599	4.78757395704e-11	18743.0	4046.9310064	0.0	645925.0	4047.18644183	0.0	466655.0	4046.54388941	0.0	40758.0	4018.07578285	0.0	38434.0	4029.86541057	0.0	30521.0	4030.97623046	7.10248310901e-11	560438.0	4048.38511864	0.0	115502.0	4200.89992984	0.0	680811.0	4055.15104874	0.0	1225270.0	4017.04875861	1.02701975887e-14	95604.0	4043.14696435	0.0	592382.0	4099.17325203	0.0	356453.0	4158.78109998	0.0	38873.0	4039.20757007	0.0	413710.0	4010.53342204	0.0	761889.0	4097.77659337	0.0	231823.0	3987.59098417	2.67350414179e-13	335705.0	4009.81346407	0.0	140276.0	4077.51090708	1.11366900238e-12	36643.0	4037.45394584	0.0	564637.0	4070.18583447	0.0	510767.0	4071.09858753	0.0	302322.0	4153.85114915	0.0	393040.0	3997.76160586	0.0	535722.0	4058.40032456	0.0	40358.0	4022.56059563	0.0	4052.65057611	61.7068446337	0.0
10000012_AAAGELQEDSGLMALAK(UniMod:259)_2_run0	1/sp|Q9BUP0|EFHD1_HUMAN	5504.0	4283.19072327	0.028511235567	NA	NA	NA	16020.0	4293.89744951	4.3906984779e-10	NA	NA	NA	NA	NA	NA	NA	NA	NA	NA	NA	NA	NA	NA	NA	NA	NA	NA	4277.0	4282.15536643	0.00375791437112	NA	NA	NA	NA	NA	NA	NA	NA	NA	NA	NA	NA	NA	NA	NA	NA	NA	NA	NA	NA	NA	NA	NA	NA	12095.0	4309.71997461	2.40755376658e-10	NA	NA	NA	NA	NA	NA	NA	NA	NA	NA	NA	NA	721.0	4446.10605428	0.00218173233046	NA	NA	NA	NA	NA	NA	NA	NA	NA	NA	NA	NA	NA	NA	NA	581.0	4430.72375479	0.00739300038046	NA	NA	NA	NA	NA	NA	NA	NA	NA	NA	NA	NA	701.0	4383.24694772	0.00083198596304	NA	NA	NA	NA	NA	NA	NA	NA	NA	NA	NA	NA	NA	NA	NA	2479.0	4350.16669567	6.09316580272e-08	NA	NA	NA	NA	NA	NA	NA	NA	NA	NA	NA	NA	NA	NA	NA	NA	NA	NA	2531.0	4373.22678236	3.57644303058e-08	NA	NA	NA	NA	NA	NA	4350.27041652	58.9097815384	3.16085545026e-54
10000013_AAAGELQEDSGLMALAK(UniMod:259)_3_run0	1/sp|Q9BUP0|EFHD1_HUMAN	6286.0	4280.493542	0.000146329927013	NA	NA	NA	14744.0	4293.87061107	2.49485591673e-07	NA	NA	NA	NA	NA	NA	NA	NA	NA	NA	NA	NA	NA	NA	NA	NA	NA	NA	4078.0	4286.24121565	0.0099344316993	NA	NA	NA	NA	NA	NA	NA	NA	NA	NA	NA	NA	NA	NA	NA	NA	NA	NA	NA	NA	NA	NA	NA	NA	12218.0	4316.12715588	4.00527934643e-05	NA	NA	NA	NA	NA	NA	NA	NA	NA	NA	NA	NA	NA	NA	NA	NA	NA	NA	NA	NA	NA	NA	NA	NA	NA	NA	NA	NA	NA	NA	NA	NA	NA	NA	NA	NA	NA	NA	NA	NA	NA	NA	NA	NA	NA	NA	NA	NA	NA	NA	NA	NA	NA	NA	NA	NA	NA	NA	NA	NA	NA	NA	NA	2619.0	4349.4448492	0.00019942236993	NA	NA	NA	NA	NA	NA	NA	NA	NA	NA	NA	NA	NA	NA	NA	NA	NA	NA	3778.0	4381.30525904	0.0213057829622	NA	NA	NA	NA	NA	NA	4317.91377214	36.5088561909	3.35983309394e-27
10000014_DNLEWLAR_2_run0	1/gi|AQUA9_Q99460_PSMD1	62708.0	3829.78660961	7.63625684818e-07	134536.0	3885.90609213	0.0	70331.0	3816.16615159	3.74007539517e-09	337340.0	3881.61938444	1.657621741e-13	140928.0	3857.5703275	5.58037066541e-13	177419.0	3863.56713689	6.04337334251e-11	129087.0	3935.05539438	0.0	64192.0	3938.97699918	1.68582871413e-14	42591.0	3906.04397614	0.0	26560.0	3812.55707492	0.000831069814557	74101.0	3859.04463581	8.90954780283e-15	26986.0	3991.63469352	0.000322906190603	67714.0	3928.06132008	1.30297042112e-05	18128.0	4032.29772512	6.16339918457e-07	14067.0	4030.03634163	7.66472802663e-06	242623.0	3874.09616697	1.86964657667e-11	NA	NA	NA	22144.0	4035.50911415	1.70184750617e-06	28819.0	3846.18362527	1.12024980162e-07	55770.0	3958.82016624	2.38652248463e-07	244287.0	3915.9090005	7.46434489119e-15	19305.0	4029.34728573	0.000109238438342	187209.0	3909.3572135	1.03166778159e-10	16281.0	4015.80506335	1.18330343549e-05	4091.0	3887.32967417	3.64023460474e-06	100401.0	3880.44616113	3.19751065582e-10	80007.0	3908.85714753	1.08817006421e-10	24073.0	3994.9448941	3.2477886066e-06	23733.0	4013.05845831	2.71376332769e-09	18238.0	4015.60982107	9.95553870719e-07	110018.0	3883.27561869	3.66637067244e-13	NA	NA	NA	70045.0	3902.60957535	1.12310475175e-10	299446.0	3879.2787892	1.02701975887e-14	12969.0	3899.12754947	2.24509639808e-06	83352.0	3959.29831097	0.0	8272.0	3999.64746557	2.27781920966e-06	21613.0	4026.26522695	1.06239650089e-10	74011.0	3850.1666658	3.25345350241e-13	74980.0	3941.82273857	4.4323244879e-13	86209.0	3867.84871287	3.31112494744e-06	46465.0	3876.73971794	2.31339962724e-11	19268.0	3938.78383532	6.39478029225e-10	19698.0	4015.41943825	3.37239785543e-07	46242.0	3912.94144294	1.28750496765e-11	77514.0	3897.52995486	0.0	26192.0	3983.22451836	1.87190606729e-11	108394.0	3903.06800646	1.01552436664e-11	144063.0	3911.69731816	0.0	20551.0	4002.61730175	8.91175978335e-08	3927.18666338	63.9042257755	0.0
10000015_AAAMANNLQK(UniMod:259)_2_run0	1/sp|Q14498|RBM39_HUMAN	NA	NA	NA	NA	NA	NA	2041.0	839.85774746	0.00102903571971	19311.0	1020.96707591	2.22825096403e-09	13585.0	1154.15299523	2.12705804835e-09	NA	NA	NA	NA	NA	NA	NA	NA	NA	NA	NA	NA	NA	NA	NA	NA	NA	NA	NA	NA	NA	1122.0	1236.09075153	0.00277063540255	NA	NA	NA	1154.0	1393.39008699	0.0120677279	11747.0	1192.50524748	4.00969425971e-09	1287.0	1330.53380787	0.000248075698078	NA	NA	NA	1035.0	1099.23463556	0.0145483308118	NA	NA	NA	NA	NA	NA	NA	NA	NA	NA	NA	NA	230.0	1458.04041867	0.0347604741916	NA	NA	NA	NA	NA	NA	NA	NA	NA	NA	NA	NA	NA	NA	NA	NA	NA	NA	NA	NA	NA	1354.0	1375.97241149	0.00511209769234	NA	NA	NA	14630.0	1146.43328985	5.84352958366e-09	NA	NA	NA	NA	NA	NA	NA	NA	NA	NA	NA	NA	26225.0	1181.22611249	5.38374926596e-13	NA	NA	NA	NA	NA	NA	21617.0	1206.9714698	1.59845623468e-12	1971.0	1259.80463213	7.42420109895e-06	NA	NA	NA	NA	NA	NA	NA	NA	NA	1871.0	1343.1968805	0.0055255216037	NA	NA	NA	NA	NA	NA	NA	NA	NA	1215.89183753	152.953943821	1.77329829621e-97
10000016_DPNNLLNDWSQK_2_run0	1/gi|AQUA10_O00232_PSMD12	25870.0	3973.90134876	3.84378374851e-11	67092.0	4070.62491644	0.0	24989.0	3975.91479603	1.58227876257e-09	174451.0	4050.04883245	0.0	68658.0	4028.57707372	2.59859520512e-14	80092.0	4041.97337455	1.77872276679e-14	75162.0	4094.10644612	0.0	39965.0	4106.34820421	0.0	17627.0	4065.74751015	0.0	10504.0	3944.91716345	2.02190844067e-07	40541.0	4031.34601973	0.0	9523.0	4163.92910617	2.62203608052e-10	29199.0	4096.27650432	1.63551039139e-09	3550.0	4211.52883009	2.33540572124e-06	6307.0	4202.6955398	1.66786905934e-10	127377.0	4042.00392578	0.0	3686.0	4187.65555469	0.00633454005016	4218.0	4215.46788029	1.85350420674e-07	16209.0	3992.35044559	3.12523403493e-08	21954.0	4118.33787765	3.12402580587e-10	132205.0	4084.67195172	0.0	4633.0	4212.71510028	0.00231071604171	106550.0	4080.19608944	0.0	NA	NA	NA	19670.0	4048.4978267	0.0	53626.0	4051.53836458	1.82471755701e-13	29733.0	4075.97012905	2.17012331739e-13	4457.0	4171.43384275	7.91569394885e-06	4147.0	4189.84563372	8.03513675119e-08	NA	NA	NA	59895.0	4061.4186005	0.0	NA	NA	NA	41101.0	4075.81542818	2.69626749485e-11	155210.0	4049.70303629	9.92009818132e-14	5944.0	4061.0755325	1.43811014332e-06	42943.0	4121.83791361	1.69431405114e-14	4164.0	4168.21923208	1.26309244948e-10	3961.0	4206.16441244	1.41277295909e-06	35107.0	4025.97135582	0.0	39409.0	4107.44526898	1.71603331103e-13	29138.0	4027.48856225	1.03372542869e-10	28505.0	4042.86998417	3.37724383978e-13	13562.0	4107.44662134	2.80303916182e-07	4376.0	4192.61185641	2.82160032679e-07	26959.0	4086.07477462	0.0	37080.0	4078.97600827	0.0	11097.0	4161.26952039	3.04809150285e-14	49534.0	4058.26673438	2.98483225946e-12	62733.0	4074.70299281	0.0	5793.0	4176.44628868	0.00256080506826	4093.88137047	69.1403339056	0.0
10000017_AAANEQLTR(UniMod:267)_2_run0	1/sp|Q9NX63|CHCH3_HUMAN	NA	NA	NA	NA	NA	NA	NA	NA	NA	NA	NA	NA	NA	NA	NA	NA	NA	NA	NA	NA	NA	NA	NA	NA	NA	NA	NA	2166.0	708.046480518	0.000336654451837	NA	NA	NA	NA	NA	NA	1131.0	774.041376367	0.0497726292664	540.0	1037.2099578	0.00122811407294	730.0	933.825323485	0.000940737356139	NA	NA	NA	NA	NA	NA	NA	NA	NA	NA	NA	NA	NA	NA	NA	NA	NA	NA	NA	NA	NA	NA	NA	NA	NA	NA	NA	NA	NA	NA	NA	NA	NA	NA	NA	NA	511.0	1009.1603352	0.0320252339113	550.0	1043.35290038	0.0271125303401	NA	NA	NA	NA	NA	NA	1072.0	884.458508241	3.2187059294e-05	NA	NA	NA	NA	NA	NA	1240.0	759.637841265	0.000701221223344	NA	NA	NA	NA	NA	NA	NA	NA	NA	NA	NA	NA	NA	NA	NA	1937.0	710.885517333	0.000820386935601	NA	NA	NA	1334.0	823.186124085	1.76828436712e-05	NA	NA	NA	NA	NA	NA	NA	NA	NA	721.0	889.495657867	0.0403064155935	NA	NA	NA	NA	NA	NA	460.0	1019.64051542	0.00905080524312	882.74504483	121.657857474	5.27592159175e-43
10000018_DPNNLLNDWSQK_3_run0	1/gi|AQUA10_O00232_PSMD12	11899.0	3972.45510516	0.000935462888313	26479.0	4070.22118213	2.04575301223e-14	14665.0	3977.70353519	0.0052150476011	63885.0	4049.45476767	6.78881793491e-12	26722.0	4029.53436514	9.01918538302e-09	32118.0	4041.38912098	3.70360036939e-09	27076.0	4094.36001307	6.53567818311e-12	15664.0	4106.77561219	1.22127271642e-08	8357.0	4064.99053163	3.7175794142e-05	NA	NA	NA	15959.0	4031.28407012	7.60962190434e-09	4182.0	4163.32124653	0.0114149967079	10728.0	4096.76157012	0.000355631657344	NA	NA	NA	NA	NA	NA	51715.0	4041.35006653	1.15302012885e-10	NA	NA	NA	NA	NA	NA	NA	NA	NA	9785.0	4118.48112952	0.00453284044129	49303.0	4084.48664791	1.17808192738e-13	NA	NA	NA	42360.0	4080.30320195	5.68474534604e-14	NA	NA	NA	8888.0	4047.87000679	2.19813335424e-12	21874.0	4051.6262904	2.32388302969e-09	14836.0	4075.6994261	2.03690956089e-08	NA	NA	NA	NA	NA	NA	NA	NA	NA	22744.0	4061.53678329	1.67002160282e-11	NA	NA	NA	15688.0	4075.91678373	1.3443376969e-05	55595.0	4049.066664	1.39072834028e-08	NA	NA	NA	16220.0	4121.80089421	2.69834169049e-07	NA	NA	NA	NA	NA	NA	14687.0	4025.69568949	1.34060221738e-08	14716.0	4108.77303362	2.55822470141e-05	13007.0	4027.55971243	0.000265648115733	11103.0	4042.24528896	2.62912254379e-06	7035.0	4107.56675843	0.0380374411622	NA	NA	NA	10294.0	4085.45855041	2.74046856716e-10	15745.0	4078.97341963	2.73452276334e-10	5348.0	4161.48053636	0.00319309621195	21157.0	4057.35663012	1.82225050071e-06	27250.0	4075.47052978	0.0	NA	NA	NA	4068.99906556	41.8061482861	2.58859171714e-287
10000019_AAAPQAWAGPMEEPPQAQAPPR(UniMod:267)_3_run0	1/sp|Q16643|DREB_HUMAN	83491.0	3661.51368557	2.36168401484e-14	NA	NA	NA	129437.0	3657.97266109	4.09508451682e-12	NA	NA	NA	NA	NA	NA	NA	NA	NA	NA	NA	NA	NA	NA	NA	NA	NA	NA	73344.0	3644.20635381	2.97347423588e-14	NA	NA	NA	NA	NA	NA	2822.0	3760.6029112	3.40073538592e-05	NA	NA	NA	NA	NA	NA	NA	NA	NA	NA	NA	NA	NA	NA	NA	150818.0	3670.80994084	1.36517002729e-13	NA	NA	NA	NA	NA	NA	NA	NA	NA	NA	NA	NA	NA	NA	NA	5048.0	3967.75262673	0.00461861926216	NA	NA	NA	NA	NA	NA	NA	NA	NA	NA	NA	NA	1474.0	3824.1096199	0.0170248762039	NA	NA	NA	NA	NA	NA	NA	NA	NA	NA	NA	NA	4469.0	3733.95045418	1.14231759678e-06	NA	NA	NA	NA	NA	NA	NA	NA	NA	1873.0	3708.23896968	0.019424816471	NA	NA	NA	47032.0	3714.73770895	1.1284366955e-10	2629.0	3705.84636893	8.43398419621e-05	3018.0	3759.17685367	0.00185701805041	NA	NA	NA	4609.0	4002.95543226	0.00713113258998	NA	NA	NA	NA	NA	NA	32844.0	3727.85437169	3.91620599516e-10	NA	NA	NA	NA	NA	NA	3752.83771132	105.703759069	1.02599902465e-114
10000020_AAAPQAWAGPM(UniMod:35)EEPPQAQAPPR(UniMod:267)_3_run0	1/sp|Q16643|DREB_HUMAN	18676.0	3082.293565	2.12327413988e-08	NA	NA	NA	35208.0	3091.93626148	2.10642303013e-08	NA	NA	NA	NA	NA	NA	NA	NA	NA	NA	NA	NA	NA	NA	NA	NA	NA	NA	21146.0	3084.59162118	0.00372858569939	NA	NA	NA	NA	NA	NA	NA	NA	NA	NA	NA	NA	NA	NA	NA	NA	NA	NA	NA	NA	NA	NA	NA	NA	40386.0	3110.40081156	1.26959250715e-09	NA	NA	NA	NA	NA	NA	NA	NA	NA	NA	NA	NA	NA	NA	NA	NA	NA	NA	NA	NA	NA	NA	NA	NA	NA	NA	NA	NA	NA	NA	NA	NA	NA	NA	NA	NA	NA	NA	NA	NA	NA	NA	NA	NA	NA	620.0	3137.59184515	0.00716905675482	NA	NA	NA	NA	NA	NA	NA	NA	NA	1383.0	3092.50181951	0.00508401641144	NA	NA	NA	17755.0	3137.13112433	4.44337885955e-09	NA	NA	NA	NA	NA	NA	NA	NA	NA	NA	NA	NA	NA	NA	NA	NA	NA	NA	13162.0	3140.53783297	5.30303004633e-07	NA	NA	NA	NA	NA	NA	3109.62311015	23.6503397845	1.85969067355e-54
10000020_FGGSGSQVDSAR_2_run0	1/gi|AQUA7_Q13200_PSMD2	38694.0	1012.08596337	0.0	100111.0	1066.63366267	0.0	NA	NA	NA	86022.0	761.251795764	4.33025975439e-13	98943.0	1072.36573544	0.0	110226.0	1100.05036437	0.0	114873.0	1088.59092408	0.0	35117.0	1208.11711905	0.0	31630.0	1157.48030044	0.0	12964.0	1080.17177141	1.36628024778e-13	54376.0	1084.28737199	0.0	47102.0	1190.27085448	0.0	28969.0	1146.62019487	9.8652076253e-12	11642.0	1349.98071753	3.30648498548e-13	24806.0	1295.16127588	0.0	153141.0	1116.57406131	0.0	13624.0	1224.14455546	3.92670750088e-12	12865.0	1397.1239352	1.23233171239e-12	14913.0	1027.73886921	4.24432492468e-12	91118.0	1231.3188387	0.0	153170.0	1159.49353514	0.0	11922.0	1375.49479177	2.53149600243e-10	133294.0	1151.74608773	0.0	8861.0	1373.27560987	7.55659795329e-10	34263.0	1113.80517176	0.0	71126.0	1125.50971513	0.0	70013.0	1138.17676541	2.31898816802e-14	13601.0	1311.08577775	3.72046189878e-12	12997.0	1357.43429371	0.0	9818.0	1333.95246781	6.45546313901e-09	81871.0	1064.64405405	0.0	11743.0	1277.24968449	2.75006998704e-13	38404.0	1130.88786278	4.25897579309e-13	175650.0	1069.90523482	0.0	13248.0	1144.49538048	8.10670922782e-12	40881.0	1175.06399183	0.0	37346.0	1149.8972013	0.0	13213.0	1390.56191453	0.0	46836.0	1104.27688362	0.0	48518.0	1143.45458524	0.0	38052.0	1092.64713529	1.08166041922e-11	36161.0	1125.55122212	0.0	13205.0	1175.81411903	5.42336168842e-10	11638.0	1356.60072659	1.87096838808e-14	43985.0	812.53204451	0.0	74173.0	1151.75960015	0.0	43362.0	1251.73159002	0.0	69557.0	1118.74313923	1.29408937292e-13	88065.0	1174.30600471	0.0	13628.0	1335.56976679	2.51106912388e-13	1169.29866671	130.912581911	0.0
10000021_AAAPQAWAGPMEEPPQAQAPPR(UniMod:267)_4_run0	1/sp|Q16643|DREB_HUMAN	18218.0	3662.87067393	6.04269942837e-06	NA	NA	NA	31322.0	3657.58672048	1.82950289069e-05	NA	NA	NA	NA	NA	NA	NA	NA	NA	NA	NA	NA	NA	NA	NA	NA	NA	NA	16356.0	3646.31702352	1.02821812426e-05	NA	NA	NA	NA	NA	NA	NA	NA	NA	NA	NA	NA	NA	NA	NA	NA	NA	NA	NA	NA	NA	NA	NA	NA	31929.0	3670.85750307	2.79542269319e-08	NA	NA	NA	NA	NA	NA	NA	NA	NA	NA	NA	NA	NA	NA	NA	NA	NA	NA	NA	NA	NA	NA	NA	NA	NA	NA	NA	NA	NA	NA	NA	NA	NA	NA	NA	NA	NA	NA	NA	NA	NA	NA	NA	NA	NA	NA	NA	NA	NA	NA	NA	NA	NA	NA	NA	NA	NA	NA	NA	NA	NA	NA	NA	11227.0	3713.05206336	6.27631934588e-05	NA	NA	NA	NA	NA	NA	NA	NA	NA	NA	NA	NA	NA	NA	NA	NA	NA	NA	7260.0	3736.60806163	0.0155300717031	NA	NA	NA	NA	NA	NA	3681.215341	32.4087083887	3.43144979911e-34
10000024_FQIATVTEK_2_run0	1/gi|AQUA5_P28070_PSMB4	41184.0	2896.16013237	1.09867636663e-09	212738.0	2971.83189371	0.0	53651.0	2868.11140726	5.20730599791e-10	292442.0	2954.27709797	0.0	175095.0	2936.96298497	0.0	201773.0	2967.33685282	0.0	213862.0	3004.17425911	0.0	87210.0	3026.00531096	0.0	81105.0	3005.66829063	0.0	24114.0	2891.64092486	6.17683412825e-09	119700.0	2943.62235221	0.0	109033.0	3068.6977855	0.0	62872.0	3012.29790409	4.15963310473e-11	6720.0	3100.73734763	1.73121301645e-10	56485.0	3111.31266168	5.94918297049e-14	278266.0	2956.23435745	0.0	35008.0	3128.64744922	2.8852648704e-06	9494.0	3086.12757968	6.81122254736e-11	22141.0	2899.42652542	1.3230184581e-09	200447.0	3060.2894837	0.0	265649.0	3004.3697113	0.0	8140.0	3058.47217773	1.33934232326e-06	239556.0	3002.96837407	0.0	7801.0	3077.44214132	1.59851643688e-07	NA	NA	NA	162946.0	2985.61254461	0.0	151961.0	2977.37101366	0.0	8876.0	3067.28295151	1.09147713635e-09	8503.0	3082.39904622	1.37028267251e-09	7619.0	3083.73211901	2.22724245755e-08	164115.0	2970.72964771	0.0	30191.0	3114.32552373	2.71653161658e-06	97665.0	2976.55156584	6.31530406855e-14	319221.0	2947.57130539	1.02701975887e-14	27374.0	3007.93169982	1.35328889159e-06	39603.0	3044.41425174	9.1326552429e-14	78374.0	3078.60016425	0.0	8270.0	3075.47689448	2.89731258566e-10	83694.0	2929.62235684	6.12116217659e-13	109883.0	3037.5773473	2.33096159191e-12	71344.0	2952.94920197	2.51943376089e-10	69374.0	2962.92395892	2.75490604742e-14	26469.0	2991.61077718	6.77569460842e-08	7212.0	3086.36846401	1.23082395542e-10	123633.0	2983.54263988	0.0	131826.0	2975.99260565	0.0	82348.0	3060.72237578	0.0	116761.0	2973.84051965	3.46495917712e-12	175583.0	3025.58695478	0.0	9333.0	3059.92293245	7.04438479227e-09	3009.90762996	63.9762285471	0.0
10000026_GDVEAFAK_2_run0	1/gi|AQUA3_Q16186_ADRM1	NA	NA	NA	144911.0	1737.99541771	0.0	NA	NA	NA	118734.0	1655.23133245	3.60767079597e-13	69809.0	1701.01462817	1.83602352028e-13	127916.0	1737.39345836	0.0	146631.0	1702.16981741	0.0	41849.0	1817.66975849	9.82054149304e-06	34713.0	1793.26860047	4.47057019566e-12	NA	NA	NA	40156.0	1677.96981543	5.06879764695e-13	25786.0	1866.95266374	0.00850552108185	NA	NA	NA	13584.0	1934.66244432	2.87138065464e-11	NA	NA	NA	142545.0	1728.28774693	3.8097376271e-12	NA	NA	NA	31703.0	1950.93158982	2.48317648216e-11	NA	NA	NA	61068.0	1860.29739043	0.0431164019997	184925.0	1767.61178294	0.0	36304.0	1930.95551115	2.77002734334e-08	144713.0	1754.97724125	0.0	37439.0	1929.48021706	5.62084645016e-09	8789.0	1758.92091503	0.000482430615795	86910.0	1741.12365434	0.0	38934.0	1775.5850146	6.10167975842e-12	30303.0	1892.96250506	2.89856825187e-11	11658.0	1924.21127279	1.19319662178e-09	38768.0	1921.57408849	1.57965609848e-09	118133.0	1735.72483611	0.0	NA	NA	NA	15978.0	1764.08953762	0.000123334913561	148915.0	1707.84424114	1.74402178907e-12	NA	NA	NA	40059.0	1806.70542213	2.68384699747e-05	32657.0	1789.89666308	0.000237969225425	11366.0	1947.79331029	1.44083917781e-09	20246.0	1711.7811583	0.0029645562213	39245.0	1783.01533518	0.0377160280147	12874.0	1699.56639767	0.000943050114708	18705.0	1754.17400407	1.43134750852e-05	NA	NA	NA	14839.0	1919.23580761	1.59122117488e-13	25082.0	1667.62206467	0.0070881290415	97034.0	1773.04459004	6.24404459472e-15	NA	NA	NA	22492.0	1729.47217847	1.63774496399e-05	127127.0	1786.78733398	0.0	41927.0	1904.0666145	4.19882535763e-11	1795.95041952	88.1540992882	0.0
10000028_AADAEAEVASLNR(UniMod:267)_2_run0	1/sp|P06753|TPM3_HUMAN	3266.0	2217.56359211	0.00382654043422	NA	NA	NA	3572.0	2214.83771025	0.000122469167888	23727.0	2251.40426606	8.35472822495e-12	11336.0	2251.59042847	1.42434400929e-10	4716.0	2289.92631233	3.97770763848e-09	NA	NA	NA	NA	NA	NA	NA	NA	NA	2397.0	2216.50386797	0.0227847884406	NA	NA	NA	NA	NA	NA	NA	NA	NA	NA	NA	NA	NA	NA	NA	15893.0	2283.02126397	1.97667220171e-10	NA	NA	NA	NA	NA	NA	3286.0	2206.26285256	0.00318177018858	NA	NA	NA	3673.0	2324.89398704	0.000741548467527	NA	NA	NA	5218.0	2308.8486542	8.07448833922e-07	NA	NA	NA	NA	NA	NA	NA	NA	NA	NA	NA	NA	NA	NA	NA	NA	NA	NA	NA	NA	NA	1564.0	2300.95007324	0.0411954581171	NA	NA	NA	NA	NA	NA	19773.0	2274.87912631	2.96934569121e-11	NA	NA	NA	NA	NA	NA	NA	NA	NA	NA	NA	NA	28046.0	2265.59808658	6.06782110436e-14	NA	NA	NA	1875.0	2277.32752794	9.77486899258e-07	22798.0	2298.96047131	4.59392187324e-13	NA	NA	NA	NA	NA	NA	NA	NA	NA	1363.0	2284.68602268	0.00661453737577	NA	NA	NA	1763.0	2284.11484175	0.039945295597	NA	NA	NA	NA	NA	NA	2267.72759322	34.9042572808	3.18756187955e-124
10000028_GLALSNSDVIR_2_run0	1/gi|AQUA18_Q9Y5K5_UCHL5	NA	NA	NA	2605.0	3301.25504878	0.0130942255287	NA	NA	NA	4498.0	3304.77984827	0.0456254793518	1970.0	3274.98975836	0.00123413968635	NA	NA	NA	NA	NA	NA	821.0	3359.55306499	0.0118084460264	NA	NA	NA	NA	NA	NA	NA	NA	NA	1424.0	3399.48376493	0.0224435099507	1812.0	3349.4568431	0.00842013276816	2399.0	3401.02017765	0.000751068278638	NA	NA	NA	NA	NA	NA	NA	NA	NA	1984.0	3228.51382697	0.00491443693295	NA	NA	NA	3760.0	3390.2273033	3.6671217364e-06	NA	NA	NA	NA	NA	NA	NA	NA	NA	5267.0	3387.90942669	1.34643118321e-05	NA	NA	NA	NA	NA	NA	3240.0	3319.08979515	5.84300900052e-06	4101.0	3366.62628047	0.00425933713746	NA	NA	NA	5191.0	3389.09563228	3.93694314986e-07	NA	NA	NA	NA	NA	NA	NA	NA	NA	4518.0	3288.1122508	0.000822531869092	NA	NA	NA	NA	NA	NA	NA	NA	NA	NA	NA	NA	NA	NA	NA	NA	NA	NA	NA	NA	NA	NA	NA	NA	NA	NA	NA	2363.0	3389.0219467	0.00653381110534	NA	NA	NA	NA	NA	NA	NA	NA	NA	NA	NA	NA	NA	NA	NA	3966.0	3369.97625082	0.00299145757596	3344.9444512	50.6879169562	2.31026802903e-63
10000031_AADLNGDLTATR(UniMod:267)_2_run0	1/sp|Q15293|RCN1_HUMAN	7511.0	2191.07227002	9.64691449061e-06	NA	NA	NA	7180.0	2184.72175587	0.00100780845487	NA	NA	NA	1509.0	2216.55335312	0.010776321706	NA	NA	NA	NA	NA	NA	NA	NA	NA	NA	NA	NA	3107.0	2220.86236717	0.00194162360599	2597.0	2248.74280027	0.00352305248924	NA	NA	NA	1295.0	2343.44858514	0.000118587963691	NA	NA	NA	1223.0	2437.50962916	0.0147166271147	NA	NA	NA	1692.0	2451.25905486	0.00052815527139	NA	NA	NA	4886.0	2192.6231035	0.0322409456681	2526.0	2403.05514614	0.000843257579948	NA	NA	NA	NA	NA	NA	NA	NA	NA	NA	NA	NA	NA	NA	NA	NA	NA	NA	1378.0	2281.63278905	0.00216783209173	NA	NA	NA	NA	NA	NA	1265.0	2391.68508884	0.00674159936435	NA	NA	NA	1607.0	2450.24830467	0.000172313334153	2542.0	2320.36912526	8.77352309545e-07	3141.0	2230.78953226	0.0113200728419	1334.0	2340.32747373	0.00163115514649	NA	NA	NA	NA	NA	NA	NA	NA	NA	NA	NA	NA	4031.0	2336.41641323	0.000279504542722	3000.0	2279.91037494	4.24252076963e-07	2153.0	2310.54866948	0.00480805341337	1756.0	2314.89522658	0.0271163815544	NA	NA	NA	1115.0	2238.42823122	0.0153318218901	NA	NA	NA	1638.0	2404.84102941	0.00276428508966	4091.0	2291.29898387	0.00445981602989	NA	NA	NA	NA	NA	NA	2307.8799699	83.5298418013	3.94541159626e-88
10000031_HITIFSPEGR_2_run0	1/gi|AQUA2_P60900_PSMA6	NA	NA	NA	NA	NA	NA	15948.0	2879.01367807	0.000853385906391	55641.0	2987.24294933	1.04108087199e-05	33053.0	2982.89676634	0.0201321553289	42308.0	3001.20819028	0.00690073263781	44293.0	3044.52518031	0.0282373725812	26038.0	3099.66633023	0.00178056221803	NA	NA	NA	7636.0	2904.77375396	0.00229445634259	19113.0	2993.60131187	2.44721835954e-07	28835.0	3141.64492868	2.36534043374e-05	17276.0	3051.24326767	0.000688902373239	5892.0	3123.31541844	6.85042799848e-07	19888.0	3179.63603933	6.15196105003e-05	45260.0	2982.99662725	1.76866661358e-09	18454.0	3201.59890732	0.0278357361469	7728.0	3107.40418743	6.38147639988e-09	NA	NA	NA	49075.0	3106.4901944	0.000311259017141	37784.0	3037.21303787	1.82287183294e-10	8330.0	3074.02856296	9.56382722469e-05	33252.0	3038.3783886	3.02415722949e-08	20695.0	3098.68474481	0.0333854650685	NA	NA	NA	20835.0	3017.63999418	1.08246522273e-07	NA	NA	NA	7568.0	3086.02201064	1.89726693642e-07	7609.0	3101.9445747	1.90212787905e-07	20351.0	3104.04856951	0.0118974542182	17933.0	3010.63044284	3.86102860092e-08	17348.0	3183.64805793	0.0331813753852	35253.0	3012.84885595	0.0331408435129	80914.0	2981.85270813	0.00516869549478	NA	NA	NA	2345.0	3093.47824309	0.00174938692469	18777.0	3152.28438508	2.08444824463e-07	8198.0	3095.61174427	1.3241969673e-07	NA	NA	NA	30847.0	3093.03729221	1.12723225657e-05	6915.0	2969.85742362	2.15984394567e-06	NA	NA	NA	NA	NA	NA	7528.0	3105.04799819	2.37006510595e-07	16042.0	3034.67929907	2.95187849238e-08	NA	NA	NA	23225.0	3130.72609303	9.3282021505e-06	55530.0	3007.4994754	0.0108040401499	21479.0	3060.51431443	1.07034610504e-10	8904.0	3074.04416402	1.35333940751e-06	3060.28149004	71.4095919767	1.36944897927e-228
10000035_HYYSITINYR_2_run0	1/gi|AQUA20_O00487_PSMD14	NA	NA	NA	NA	NA	NA	NA	NA	NA	NA	NA	NA	NA	NA	NA	16521.0	3330.5753114	9.76394931763e-05	NA	NA	NA	17715.0	3397.35749138	3.36209090415e-09	13844.0	3376.68733412	1.4927195616e-06	NA	NA	NA	NA	NA	NA	NA	NA	NA	8326.0	3377.78793325	0.0180016901793	NA	NA	NA	NA	NA	NA	NA	NA	NA	NA	NA	NA	NA	NA	NA	NA	NA	NA	23527.0	3413.89024809	6.08553764104e-05	NA	NA	NA	NA	NA	NA	NA	NA	NA	NA	NA	NA	NA	NA	NA	NA	NA	NA	NA	NA	NA	NA	NA	NA	NA	NA	NA	NA	NA	NA	NA	NA	NA	NA	NA	NA	20758.0	3329.33597611	3.65663232897e-05	NA	NA	NA	NA	NA	NA	25973.0	3419.42430834	1.31407491921e-09	NA	NA	NA	NA	NA	NA	NA	NA	NA	8403.0	3407.65804534	0.000133242209893	10452.0	3312.93656406	0.0382231684666	NA	NA	NA	NA	NA	NA	NA	NA	NA	NA	NA	NA	NA	NA	NA	NA	NA	NA	NA	NA	NA	8374.0	3396.26204083	7.34631435266e-05	NA	NA	NA	3376.19152529	36.6217131675	9.65029914134e-58
10000037_HYYSITINYR_3_run0	1/gi|AQUA20_O00487_PSMD14	NA	NA	NA	NA	NA	NA	NA	NA	NA	NA	NA	NA	NA	NA	NA	1900.0	3426.55993652	0.0243763459842	NA	NA	NA	NA	NA	NA	47384.0	3377.518629	2.82531498392e-08	13215.0	3266.36457439	0.000151120352244	NA	NA	NA	NA	NA	NA	30584.0	3377.82110373	0.000201441564846	2302.0	3480.3331342	0.00370279625029	NA	NA	NA	NA	NA	NA	16481.0	3493.07629453	0.00144409869179	4631.0	3481.78458241	0.000468091782993	10343.0	3301.63564339	0.0121235108329	73862.0	3415.0947123	1.19756969197e-05	NA	NA	NA	NA	NA	NA	NA	NA	NA	3337.0	3470.23806507	0.00796346730081	NA	NA	NA	NA	NA	NA	NA	NA	NA	6269.0	3447.9438999	0.00802787596063	5001.0	3469.75252755	0.000184319131353	3562.0	3467.2041915	0.0426201690073	17299.0	3344.3789679	0.00129344905233	NA	NA	NA	70482.0	3333.83967727	7.02106188989e-06	NA	NA	NA	NA	NA	NA	NA	NA	NA	NA	NA	NA	6538.0	3480.79424636	0.000158023308214	NA	NA	NA	35889.0	3407.36587447	2.53401596576e-07	32894.0	3328.70702285	0.0168741318658	14340.0	3331.64160613	0.0461755396387	8826.0	3362.72301257	0.0133792929507	5517.0	3465.41671517	0.0043868768351	NA	NA	NA	NA	NA	NA	NA	NA	NA	NA	NA	NA	37402.0	3398.72028873	0.000287764188924	NA	NA	NA	3405.85975936	66.2664318633	3.17775150558e-89
10000039_AAEETNMEK(UniMod:259)_2_run0	1/sp|Q9UHB6|LIMA1_HUMAN	13777.0	111.961552388	7.68070777919e-09	NA	NA	NA	NA	NA	NA	NA	NA	NA	NA	NA	NA	NA	NA	NA	NA	NA	NA	NA	NA	NA	NA	NA	NA	14473.0	166.927746033	3.89194760141e-09	NA	NA	NA	NA	NA	NA	NA	NA	NA	NA	NA	NA	NA	NA	NA	NA	NA	NA	NA	NA	NA	NA	NA	NA	21038.0	186.083727984	3.20130969212e-09	NA	NA	NA	NA	NA	NA	NA	NA	NA	NA	NA	NA	850.0	711.190390029	0.00342482463777	NA	NA	NA	NA	NA	NA	NA	NA	NA	NA	NA	NA	NA	NA	NA	541.0	708.870939954	0.000210715274435	NA	NA	NA	NA	NA	NA	NA	NA	NA	NA	NA	NA	NA	NA	NA	NA	NA	NA	NA	NA	NA	NA	NA	NA	NA	NA	NA	NA	NA	NA	NA	NA	NA	NA	NA	NA	NA	NA	NA	NA	NA	NA	NA	NA	NA	NA	NA	NA	NA	NA	NA	4944.0	196.858208868	3.88519420356e-06	NA	NA	NA	NA	NA	NA	346.982094209	258.099111453	3.45209341761e-43
10000040_AAEFGEPTSEQTGTAAGK(UniMod:259)_2_run0	1/sp|O95425|SVIL_HUMAN	3603.0	1910.6783419	2.53835332713e-06	NA	NA	NA	4210.0	1902.39989047	1.4376420508e-09	NA	NA	NA	NA	NA	NA	NA	NA	NA	NA	NA	NA	NA	NA	NA	NA	NA	NA	2988.0	1923.75605767	2.66354148236e-07	NA	NA	NA	NA	NA	NA	NA	NA	NA	NA	NA	NA	NA	NA	NA	NA	NA	NA	NA	NA	NA	NA	NA	NA	5311.0	1898.30418506	2.78990961345e-10	NA	NA	NA	NA	NA	NA	NA	NA	NA	NA	NA	NA	431.0	2193.46239178	1.92743699244e-05	NA	NA	NA	NA	NA	NA	NA	NA	NA	NA	NA	NA	NA	NA	NA	431.0	2206.29361419	0.000278596594486	NA	NA	NA	NA	NA	NA	NA	NA	NA	NA	NA	NA	190.0	2058.66237435	0.00526448444487	NA	NA	NA	NA	NA	NA	NA	NA	NA	240.0	1995.53285515	0.0102499137213	NA	NA	NA	1574.0	2006.17195205	5.79025435149e-09	NA	NA	NA	NA	NA	NA	NA	NA	NA	NA	NA	NA	NA	NA	NA	NA	NA	NA	1697.0	2008.97106856	1.58521275905e-06	NA	NA	NA	NA	NA	NA	2010.42327312	107.76707576	1.88591346731e-67
10000041_ILNPEEIEK_2_run0	1/gi|AQUA1_O14818_PSMA7	73107.0	2854.70796284	1.61939964321e-14	274821.0	2929.84787109	0.0	68060.0	2826.2636601	4.70930753306e-11	355941.0	2915.38492435	1.33634501258e-14	226563.0	2894.19346945	0.0	254234.0	2922.74084954	5.43019609843e-15	270750.0	2964.30570342	0.0	111123.0	2982.83823481	0.0	107729.0	2960.9295304	0.0	31010.0	2850.56349526	2.40021501633e-10	148583.0	2903.06488959	0.0	131749.0	3025.22912004	0.0	83117.0	2968.13270063	2.30509004844e-11	8919.0	3057.32855581	4.30362144451e-10	67793.0	3066.52188176	0.0	348674.0	2915.87611853	0.0	39393.0	3084.16370665	3.30097339869e-12	12243.0	3043.27061564	6.07632300737e-10	29086.0	2859.48917236	2.46163908518e-08	272370.0	3016.80425575	0.0	351221.0	2964.62572994	0.0	13421.0	3010.44933448	1.35903955104e-06	304527.0	2961.6736217	0.0	10740.0	3030.11433226	3.88502126969e-07	121722.0	2942.6292557	0.0	206389.0	2943.30913579	0.0	183103.0	2934.62988725	9.96768494784e-15	12496.0	3025.51766367	1.67493603685e-10	11284.0	3037.89209049	3.88354337659e-09	11590.0	3040.75349053	9.70380169817e-07	204961.0	2926.47065767	0.0	26980.0	3071.22549568	3.32858938336e-11	122993.0	2935.04555955	1.09436547018e-13	395513.0	2910.11821158	1.58067115203e-13	33071.0	2968.2844592	1.45815601724e-10	43719.0	3004.57309011	0.0	81187.0	3035.0155713	0.0	11993.0	3031.80769548	5.4883192466e-12	110240.0	2887.21991736	0.0	139457.0	2993.54642187	0.0	93672.0	2906.9843685	2.83395328521e-11	90865.0	2919.20404417	1.51312430574e-14	35973.0	2948.15114179	8.73038676947e-11	10432.0	3041.6892456	1.42349978013e-11	144883.0	2940.67440941	0.0	166189.0	2930.93572867	0.0	105919.0	3017.48426335	0.0	147840.0	2930.20747093	2.49582843956e-12	217466.0	2982.73914555	0.0	13762.0	3020.41394045	2.37196109787e-10	2966.70084196	62.6410399082	0.0
10000042_AAEGVSAADMAK(UniMod:259)_2_run0	1/sp|Q9NW13|RBM28_HUMAN	NA	NA	NA	NA	NA	NA	NA	NA	NA	4045.0	1469.76944664	0.00360413621096	2141.0	1525.59505123	0.015974983899	NA	NA	NA	NA	NA	NA	NA	NA	NA	NA	NA	NA	NA	NA	NA	4704.0	1504.00863291	0.0471155672343	NA	NA	NA	1211.0	1602.97942326	0.0356502321261	NA	NA	NA	1703.0	1748.93848688	0.0373203113008	NA	NA	NA	NA	NA	NA	36814.0	1762.66040048	0.000102884945815	NA	NA	NA	NA	NA	NA	NA	NA	NA	NA	NA	NA	NA	NA	NA	NA	NA	NA	NA	NA	NA	NA	NA	NA	NA	NA	NA	NA	NA	NA	39480.0	1735.01181471	0.0431618957354	28534.0	1723.17958342	0.0165051996954	NA	NA	NA	NA	NA	NA	1560.0	1591.1736446	0.0293313590169	1093.0	1517.44530056	0.0406634976032	NA	NA	NA	NA	NA	NA	NA	NA	NA	40330.0	1760.82100571	0.00772669000041	NA	NA	NA	NA	NA	NA	NA	NA	NA	NA	NA	NA	NA	NA	NA	33868.0	1731.83329901	0.0125579050989	NA	NA	NA	NA	NA	NA	950.0	1694.18502753	0.0440255998705	NA	NA	NA	932.0	1618.27603245	0.0373158867075	37378.0	1719.19658612	0.0320508267618	1647.0049157	101.380181022	3.61404621521e-38
10000045_AAELIANSLATAGDGLIELR(UniMod:267)_2_run0	1/sp|P35232|PHB_HUMAN	NA	NA	NA	NA	NA	NA	330.0	6215.86052345	0.0337648210545	2497.0	6085.95296286	0.00115973732198	NA	NA	NA	NA	NA	NA	NA	NA	NA	NA	NA	NA	NA	NA	NA	NA	NA	NA	NA	NA	NA	NA	NA	NA	1101.0	6088.77146638	7.41903693099e-05	NA	NA	NA	NA	NA	NA	1384.0	6085.29340643	0.0089039038072	1014.0	6200.38452238	0.00271095590446	260.0	6076.19951839	0.0310324858384	NA	NA	NA	NA	NA	NA	NA	NA	NA	NA	NA	NA	NA	NA	NA	NA	NA	NA	NA	NA	NA	NA	NA	NA	NA	NA	NA	NA	NA	NA	NA	NA	NA	NA	NA	NA	NA	NA	NA	NA	NA	NA	1125.0	6082.79414446	4.13098232317e-05	821.0	6063.50845102	0.0488308266458	NA	NA	NA	NA	NA	NA	NA	NA	NA	NA	NA	NA	NA	NA	NA	NA	NA	NA	770.0	6052.96280248	0.00453094361746	741.0	6044.35331202	3.43995830485e-05	1042.0	6114.3611406	1.57244580354e-06	240.0	6047.30620574	0.0199286915792	NA	NA	NA	NA	NA	NA	NA	NA	NA	NA	NA	NA	NA	NA	NA	NA	NA	NA	6096.47903802	53.5239027176	5.21872630446e-44
10000046_AAELIANSLATAGDGLIELR(UniMod:267)_3_run0	1/sp|P35232|PHB_HUMAN	NA	NA	NA	NA	NA	NA	28542.0	6022.64659877	0.00176736061837	11998.0	6086.66949858	5.52971141771e-09	NA	NA	NA	4416.0	6092.69047576	0.000123564180634	NA	NA	NA	NA	NA	NA	NA	NA	NA	16166.0	6043.13839434	0.0136065857485	802.0	6060.2634072	0.0169537642331	NA	NA	NA	5042.0	6086.78482222	2.03541286315e-07	NA	NA	NA	440.0	6204.33127856	0.0169971749601	6878.0	6083.30764809	3.41729490032e-07	4567.0	6197.31680437	7.87540645519e-08	NA	NA	NA	NA	NA	NA	1972.0	6127.90870255	0.0251668415112	1980.0	6112.57014973	0.015729524824	NA	NA	NA	570.0	6097.64697812	0.00693926813207	NA	NA	NA	NA	NA	NA	NA	NA	NA	NA	NA	NA	NA	NA	NA	NA	NA	NA	NA	NA	NA	NA	NA	NA	NA	NA	NA	7020.0	6077.10856132	0.00160533403399	3146.0	6060.47895662	3.12960859107e-06	390.0	6074.74492758	0.0368613103479	NA	NA	NA	NA	NA	NA	NA	NA	NA	NA	NA	NA	1700.0	6131.38215958	0.00340163452029	11843.0	6063.93100637	0.0144181868968	2092.0	6044.85690711	8.57668154364e-07	4012.0	6116.44689243	8.67013331515e-09	NA	NA	NA	NA	NA	NA	NA	NA	NA	NA	NA	NA	883.0	6091.20150592	2.58213373619e-05	NA	NA	NA	NA	NA	NA	6093.77128376	44.9446937305	1.84564004538e-97
10000046_LDDFLDLNHK_3_run0	1/gi|AQUA17_Q8WVY7_UBLCP1	NA	NA	NA	NA	NA	NA	NA	NA	NA	NA	NA	NA	NA	NA	NA	NA	NA	NA	NA	NA	NA	NA	NA	NA	NA	NA	NA	NA	NA	NA	NA	NA	NA	NA	NA	NA	NA	NA	NA	NA	NA	NA	NA	NA	NA	NA	NA	NA	NA	NA	NA	651.0	3973.48873698	0.0282922346442	NA	NA	NA	NA	NA	NA	NA	NA	NA	NA	NA	NA	NA	NA	NA	340.0	3964.58714095	0.00177098013657	NA	NA	NA	NA	NA	NA	NA	NA	NA	851.0	3940.39344905	0.00247985554636	NA	NA	NA	1124.0	3959.75317061	3.61566355453e-06	NA	NA	NA	NA	NA	NA	NA	NA	NA	NA	NA	NA	NA	NA	NA	NA	NA	NA	NA	NA	NA	NA	NA	NA	NA	NA	NA	NA	NA	NA	NA	NA	NA	NA	NA	NA	NA	NA	NA	NA	NA	NA	NA	NA	NA	NA	NA	NA	NA	NA	NA	NA	NA	NA	NA	NA	NA	890.0	3946.66641107	0.01660935905	3956.97778173	11.9965097405	4.12143046635e-18
10000048_AAELQAQWER(UniMod:267)_2_run0	1/sp|O15020|SPTN2_HUMAN	6332.0	2612.81458365	0.0001126633906	NA	NA	NA	6706.0	2592.29232182	4.1667181264e-05	NA	NA	NA	NA	NA	NA	NA	NA	NA	NA	NA	NA	NA	NA	NA	NA	NA	NA	4876.0	2616.37664781	8.45407912458e-07	NA	NA	NA	NA	NA	NA	NA	NA	NA	NA	NA	NA	NA	NA	NA	NA	NA	NA	NA	NA	NA	NA	NA	NA	8360.0	2617.82638769	1.24097555031e-08	NA	NA	NA	NA	NA	NA	NA	NA	NA	NA	NA	NA	NA	NA	NA	NA	NA	NA	NA	NA	NA	NA	NA	NA	NA	NA	NA	NA	NA	NA	NA	NA	NA	NA	NA	NA	NA	NA	NA	NA	NA	NA	NA	NA	NA	NA	NA	NA	NA	NA	NA	NA	NA	NA	NA	NA	NA	NA	NA	NA	NA	NA	NA	3581.0	2676.13649216	2.13672377518e-06	NA	NA	NA	NA	NA	NA	NA	NA	NA	NA	NA	NA	NA	NA	NA	NA	NA	NA	3126.0	2702.28971938	0.00464070848703	NA	NA	NA	NA	NA	NA	2636.28935875	39.0897329364	3.57289962411e-36
10000053_SVVALHNLINNK_2_run0	1/gi|AQUA12_P51665_PSMD7	8619.0	3313.34835168	7.38348958419e-09	51817.0	3377.48446267	0.0	11111.0	3290.30288645	6.28712162694e-09	55153.0	3363.90213041	9.10415165027e-12	37041.0	3350.78171693	3.51187879455e-12	45127.0	3369.67489857	4.47962539081e-12	44075.0	3437.58350979	0.0	13750.0	3450.29041732	5.88071258356e-14	13802.0	3428.63213655	0.0	5829.0	3314.96140943	1.38622452632e-08	16855.0	3360.35744462	1.70495834791e-14	19100.0	3497.84616643	5.48376299134e-15	8407.0	3430.99001374	3.38520466079e-09	2350.0	3456.63422149	7.42329051314e-09	5867.0	3540.18527983	5.83182810769e-10	46273.0	3365.8941761	1.16880062325e-11	5148.0	3556.50049642	6.68173796293e-08	3142.0	3451.04482989	6.13929579319e-10	5749.0	3349.0064859	1.92839086746e-08	28384.0	3474.01528518	1.14623755855e-12	34940.0	3412.36574837	0.0	2887.0	3428.9332519	1.41321669357e-07	42530.0	3408.25086089	4.44804552414e-15	2149.0	3443.02527112	2.92618176689e-07	NA	NA	NA	23386.0	3400.96671266	8.69748357059e-11	25542.0	3397.9100616	1.4014604836e-11	2812.0	3420.68021021	4.97645641529e-10	3069.0	3438.93139709	1.63290552268e-11	2375.0	3442.26327318	2.7844887348e-07	30294.0	3378.0119431	2.62198125032e-14	3965.0	3549.84699184	5.26520651785e-08	15993.0	3386.63763771	1.26913753003e-09	66090.0	3357.81821064	4.67878808954e-11	3736.0	3419.88989606	1.43212141577e-07	22830.0	3468.49024412	9.49876863175e-14	10488.0	3520.40618116	0.0	3017.0	3447.38923344	6.25483395132e-13	15780.0	3348.62655062	4.79267296533e-10	19090.0	3462.49034003	9.33095826475e-13	12145.0	3368.71279196	1.50422588383e-08	13930.0	3371.74028934	1.4273729121e-10	3913.0	3415.35894177	6.99509637506e-07	2862.0	3442.13115439	4.87056676935e-11	12927.0	3416.43746105	0.0	21184.0	3398.04012854	7.39727200801e-14	12111.0	3488.56149487	4.72102052387e-14	21997.0	3388.72343833	3.10760507208e-10	32080.0	3427.88470968	0.0	2938.0	3422.38451133	9.49674939202e-10	3417.39480115	58.2728805449	0.0
10000055_SVVALHNLINNK_3_run0	1/gi|AQUA12_P51665_PSMD7	65418.0	3313.75304329	4.69942667424e-08	323696.0	3379.15100057	0.0	108271.0	3291.22398114	7.17905674794e-12	474003.0	3363.37054382	4.17750779657e-12	319919.0	3351.42224159	0.0	405103.0	3370.42256633	0.0	333067.0	3437.9060505	0.0	133145.0	3449.89369253	0.0	113787.0	3429.13304269	0.0	48489.0	3315.07143088	1.62670014152e-10	148849.0	3361.0091897	0.0	173229.0	3498.61941652	0.0	81441.0	3431.26633858	5.52581888363e-12	13060.0	3456.05432898	9.81517453823e-05	64957.0	3539.61646616	2.80999156455e-13	332549.0	3366.17911181	2.39593144485e-14	46228.0	3556.93060207	7.54980039038e-11	14371.0	3451.02577338	5.65804410752e-05	46406.0	3350.24141715	5.27014078519e-10	244923.0	3474.6126749	1.16829881731e-13	293617.0	3412.21443092	0.0	13627.0	3426.67410495	0.00353507550985	356561.0	3408.89552174	0.0	10556.0	3443.17160537	0.0009502862144	NA	NA	NA	214841.0	3401.62481132	0.0	269739.0	3398.60731648	9.96768494784e-15	14008.0	3420.58545724	4.32541250075e-05	14255.0	3438.14358322	1.38675246555e-05	11568.0	3442.92248516	0.00106853226604	230796.0	3378.36822616	0.0	39783.0	3548.593013	8.32157294843e-11	152842.0	3386.44821196	8.68820250026e-14	539921.0	3357.29564883	8.6047208663e-14	37784.0	3418.8748458	6.17458624796e-11	176756.0	3469.21842397	0.0	114901.0	3521.00421337	0.0	14521.0	3447.91105738	1.61283084257e-05	153087.0	3348.47273931	0.0	158399.0	3462.57961105	0.0	154636.0	3367.50572052	1.78193779808e-12	120671.0	3371.22573959	8.76795515094e-15	37283.0	3414.16518645	2.34165039605e-08	13900.0	3442.77011518	8.31282146507e-06	151337.0	3416.57671116	0.0	207421.0	3397.75580424	0.0	104845.0	3488.39128774	0.0	173832.0	3388.48388909	2.58410269942e-12	322241.0	3427.73884705	0.0	14168.0	3420.62792835	0.000214363502989	3417.42345815	58.1597520779	0.0
10000057_TGQAAELGGLLK_2_run0	1/gi|AQUA11_O00231_PSMD11	99719.0	3710.9556529	9.31950578073e-15	458556.0	3799.37317984	0.0	90940.0	3694.86484521	7.97587176559e-13	816174.0	3788.95667343	7.8002013075e-15	353010.0	3776.31522154	0.0	403835.0	3785.48579423	1.77872276679e-14	409603.0	3848.6109063	0.0	159041.0	3863.4064729	0.0	129224.0	3836.45923542	0.0	51851.0	3684.05873607	2.04129216922e-14	189672.0	3768.97467155	0.0	194609.0	3920.94463507	0.0	86645.0	3852.73437167	3.25753740488e-12	13086.0	3889.93250628	6.61897468559e-14	71510.0	3961.79220261	0.0	580343.0	3783.30264327	0.0	46863.0	3970.94399772	1.36577688674e-13	14738.0	3894.77822819	6.71269571545e-13	40565.0	3718.16248961	3.62676580394e-13	337953.0	3884.27419957	0.0	533037.0	3826.90604355	0.0	16145.0	3882.62562149	1.39374809174e-09	489876.0	3822.64528098	0.0	11963.0	3871.15334358	5.88475517328e-08	11543.0	3815.24989273	0.0	266461.0	3805.1414084	0.0	243843.0	3820.92332867	5.48933480775e-15	14715.0	3858.75077337	6.28619554203e-13	15114.0	3874.04832057	2.24643616037e-14	12774.0	3869.84168441	2.02314066984e-07	320403.0	3803.3357243	0.0	37848.0	3968.57370921	0.0	148454.0	3823.34603077	3.07840774053e-14	661690.0	3782.21738024	3.51247036322e-14	39471.0	3825.57357766	2.13207365417e-12	171673.0	3880.72718619	0.0	116994.0	3929.48152403	0.0	15716.0	3883.96352919	0.0	184286.0	3768.67933477	0.0	265303.0	3868.75154231	0.0	144966.0	3762.00734929	2.1012196627e-12	148032.0	3789.30969998	0.0	36122.0	3857.94333438	1.75015600636e-11	15891.0	3877.98542266	0.0	198859.0	3833.8885839	0.0	256649.0	3822.80202353	0.0	117072.0	3912.32857791	0.0	220081.0	3792.06260858	3.54862323054e-13	371048.0	3824.37026675	0.0	17066.0	3863.10038763	3.10939163448e-12	3835.04120309	64.5130616362	0.0
10000061_TTTGSYIANR_2_run0	1/gi|AQUA4_P28072_PSMB6	43826.0	1239.52614951	3.26976051313e-10	97138.0	1336.50409149	0.0	32983.0	1118.04779352	8.04514111757e-12	159578.0	1251.91941363	0.0	91729.0	1327.83887964	0.0	112862.0	1357.22480666	0.0	102234.0	1336.60063177	0.0	41475.0	1451.66651442	0.0	36514.0	1419.4953331	0.0	10951.0	1308.71030562	1.55126023747e-11	65059.0	1308.22981732	0.0	53090.0	1466.72930906	0.0	31576.0	1401.34154324	2.37694010648e-13	10922.0	1598.06340762	1.852824996e-12	25678.0	1554.49942263	0.0	147830.0	1364.64683387	0.0	14061.0	1502.41109349	2.10385849828e-14	13656.0	1625.57247784	1.43186372533e-12	12053.0	1257.26677409	6.01840828172e-12	101326.0	1483.57228986	0.0	139253.0	1403.71203114	0.0	13431.0	1610.19488257	4.49493062036e-08	126858.0	1397.27951389	0.0	10653.0	1610.51190044	3.12356901591e-09	NA	NA	NA	81616.0	1369.85396902	0.0	82513.0	1399.49354495	0.0	13452.0	1561.26350301	1.30693632405e-11	13359.0	1598.63093826	4.61290451925e-15	11471.0	1573.35702936	3.89491960806e-10	76770.0	1339.49206314	0.0	10700.0	1536.65923991	5.09381971716e-14	43662.0	1382.91652703	0.0	171875.0	1319.6491096	0.0	12528.0	1397.6542064	2.46244770183e-11	20479.0	1425.01467548	0.0	40321.0	1408.11282087	0.0	13497.0	1621.93918297	3.39288842116e-14	40944.0	1343.37539153	0.0	61285.0	1397.30151214	0.0	38061.0	1336.44273941	9.8530983735e-14	33637.0	1378.25861043	0.0	12531.0	1417.93934801	3.11327298208e-12	12078.0	1592.1436952	2.33732684201e-13	48146.0	1238.51616162	0.0	74910.0	1409.53398534	0.0	46835.0	1499.42248693	0.0	60285.0	1359.54048344	0.0	89848.0	1423.24836097	0.0	15061.0	1579.44034271	3.87617681472e-12	1421.24010498	117.53166931	0.0
10000065_VDILDPALLR_2_run0	1/gi|AQUA15_P17980_PSMC3	131753.0	5043.8616835	0.0	651020.0	5130.41923045	0.0	300032.0	5014.69862736	0.0	1107130.0	5087.42039239	0.0	400744.0	5085.43766899	0.0	989178.0	5145.86802425	0.0	686866.0	5127.12013692	0.0	289460.0	5131.40716517	0.0	315317.0	5124.61954567	0.0	120471.0	5042.13085176	0.0	211150.0	5066.07027209	0.0	272611.0	5237.42166414	0.0	228450.0	5131.68711338	0.0	48676.0	5101.58746106	1.84532856018e-13	66229.0	5273.37472371	0.0	1274970.0	5084.03053015	0.0	39927.0	5255.24350428	0.0	59016.0	5121.68186382	1.55065691592e-12	102905.0	5060.88701157	0.0	716127.0	5179.0013817	0.0	1141820.0	5129.56832708	0.0	54384.0	5113.57211451	2.14753460632e-11	502341.0	5127.97829498	0.0	41846.0	5113.05407208	3.20657773161e-10	18580.0	5111.96046708	1.57369462322e-09	342694.0	5110.954625	0.0	467145.0	5099.31676611	0.0	59351.0	5077.59552672	1.8097212782e-14	60025.0	5100.06134092	4.61290451925e-15	44768.0	5100.75189019	1.05036853093e-09	257134.0	5121.39025155	0.0	45360.0	5246.47238343	0.0	345635.0	5125.00056355	0.0	726854.0	5095.67003645	0.0	68443.0	5122.88466088	0.0	335915.0	5151.06438076	0.0	54753.0	5232.17436544	0.0	62779.0	5107.61125051	0.0	170805.0	5102.29205346	0.0	357764.0	5157.9521422	0.0	426719.0	5059.13691209	0.0	142730.0	5076.74124338	0.0	97793.0	5151.33723901	3.24011909871e-13	56810.0	5093.06994446	0.0	111776.0	5114.37830477	0.0	195629.0	5148.65155725	0.0	63614.0	5230.49213772	0.0	270763.0	5105.14721125	9.49535281435e-14	291243.0	5091.63370337	0.0	63060.0	5091.80406426	0.0	5123.07373366	54.8814114385	0.0
